"","MCPP","year","n"
"1","<Null>","2022",1
"2","ALASKA JUNCTION","2008",720
"3","ALASKA JUNCTION","2009",874
"4","ALASKA JUNCTION","2010",813
"5","ALASKA JUNCTION","2011",764
"6","ALASKA JUNCTION","2012",795
"7","ALASKA JUNCTION","2013",870
"8","ALASKA JUNCTION","2014",722
"9","ALASKA JUNCTION","2015",806
"10","ALASKA JUNCTION","2016",1086
"11","ALASKA JUNCTION","2017",1133
"12","ALASKA JUNCTION","2018",1114
"13","ALASKA JUNCTION","2019",1102
"14","ALASKA JUNCTION","2020",1249
"15","ALASKA JUNCTION","2021",1192
"16","ALASKA JUNCTION","2022",1377
"17","ALASKA JUNCTION","2023",146
"18","ALKI","2008",338
"19","ALKI","2009",374
"20","ALKI","2010",399
"21","ALKI","2011",315
"22","ALKI","2012",305
"23","ALKI","2013",357
"24","ALKI","2014",313
"25","ALKI","2015",309
"26","ALKI","2016",363
"27","ALKI","2017",399
"28","ALKI","2018",309
"29","ALKI","2019",297
"30","ALKI","2020",411
"31","ALKI","2021",360
"32","ALKI","2022",412
"33","ALKI","2023",29
"34","BALLARD NORTH","2008",1264
"35","BALLARD NORTH","2009",1480
"36","BALLARD NORTH","2010",1327
"37","BALLARD NORTH","2011",1251
"38","BALLARD NORTH","2012",1142
"39","BALLARD NORTH","2013",1258
"40","BALLARD NORTH","2014",1584
"41","BALLARD NORTH","2015",1536
"42","BALLARD NORTH","2016",1611
"43","BALLARD NORTH","2017",1408
"44","BALLARD NORTH","2018",1561
"45","BALLARD NORTH","2019",1466
"46","BALLARD NORTH","2020",1701
"47","BALLARD NORTH","2021",1224
"48","BALLARD NORTH","2022",1254
"49","BALLARD NORTH","2023",160
"50","BALLARD SOUTH","2008",1788
"51","BALLARD SOUTH","2009",1660
"52","BALLARD SOUTH","2010",1566
"53","BALLARD SOUTH","2011",1545
"54","BALLARD SOUTH","2012",1595
"55","BALLARD SOUTH","2013",1836
"56","BALLARD SOUTH","2014",1961
"57","BALLARD SOUTH","2015",2015
"58","BALLARD SOUTH","2016",2193
"59","BALLARD SOUTH","2017",2405
"60","BALLARD SOUTH","2018",2654
"61","BALLARD SOUTH","2019",2636
"62","BALLARD SOUTH","2020",3146
"63","BALLARD SOUTH","2021",2827
"64","BALLARD SOUTH","2022",2671
"65","BALLARD SOUTH","2023",282
"66","BELLTOWN","2008",2139
"67","BELLTOWN","2009",2105
"68","BELLTOWN","2010",2225
"69","BELLTOWN","2011",1749
"70","BELLTOWN","2012",1538
"71","BELLTOWN","2013",1711
"72","BELLTOWN","2014",2004
"73","BELLTOWN","2015",1744
"74","BELLTOWN","2016",1710
"75","BELLTOWN","2017",2208
"76","BELLTOWN","2018",1884
"77","BELLTOWN","2019",1777
"78","BELLTOWN","2020",1595
"79","BELLTOWN","2021",1694
"80","BELLTOWN","2022",1723
"81","BELLTOWN","2023",206
"82","BITTERLAKE","2008",1146
"83","BITTERLAKE","2009",1268
"84","BITTERLAKE","2010",1225
"85","BITTERLAKE","2011",1450
"86","BITTERLAKE","2012",1178
"87","BITTERLAKE","2013",1346
"88","BITTERLAKE","2014",1524
"89","BITTERLAKE","2015",1307
"90","BITTERLAKE","2016",1400
"91","BITTERLAKE","2017",1500
"92","BITTERLAKE","2018",1400
"93","BITTERLAKE","2019",1261
"94","BITTERLAKE","2020",1518
"95","BITTERLAKE","2021",1385
"96","BITTERLAKE","2022",1497
"97","BITTERLAKE","2023",190
"98","BRIGHTON/DUNLAP","2008",1395
"99","BRIGHTON/DUNLAP","2009",1210
"100","BRIGHTON/DUNLAP","2010",1116
"101","BRIGHTON/DUNLAP","2011",1011
"102","BRIGHTON/DUNLAP","2012",999
"103","BRIGHTON/DUNLAP","2013",1052
"104","BRIGHTON/DUNLAP","2014",1116
"105","BRIGHTON/DUNLAP","2015",898
"106","BRIGHTON/DUNLAP","2016",748
"107","BRIGHTON/DUNLAP","2017",863
"108","BRIGHTON/DUNLAP","2018",832
"109","BRIGHTON/DUNLAP","2019",797
"110","BRIGHTON/DUNLAP","2020",986
"111","BRIGHTON/DUNLAP","2021",835
"112","BRIGHTON/DUNLAP","2022",916
"113","BRIGHTON/DUNLAP","2023",98
"114","CAPITOL HILL","2008",3295
"115","CAPITOL HILL","2009",3526
"116","CAPITOL HILL","2010",3649
"117","CAPITOL HILL","2011",3248
"118","CAPITOL HILL","2012",3621
"119","CAPITOL HILL","2013",4092
"120","CAPITOL HILL","2014",4640
"121","CAPITOL HILL","2015",4635
"122","CAPITOL HILL","2016",4532
"123","CAPITOL HILL","2017",4786
"124","CAPITOL HILL","2018",4712
"125","CAPITOL HILL","2019",4323
"126","CAPITOL HILL","2020",4474
"127","CAPITOL HILL","2021",4340
"128","CAPITOL HILL","2022",4644
"129","CAPITOL HILL","2023",452
"130","CAPTIOL HILL","2022",1
"131","CENTRAL AREA/SQUIRE PARK","2008",1961
"132","CENTRAL AREA/SQUIRE PARK","2009",1910
"133","CENTRAL AREA/SQUIRE PARK","2010",1788
"134","CENTRAL AREA/SQUIRE PARK","2011",1618
"135","CENTRAL AREA/SQUIRE PARK","2012",1489
"136","CENTRAL AREA/SQUIRE PARK","2013",1525
"137","CENTRAL AREA/SQUIRE PARK","2014",1669
"138","CENTRAL AREA/SQUIRE PARK","2015",1820
"139","CENTRAL AREA/SQUIRE PARK","2016",1607
"140","CENTRAL AREA/SQUIRE PARK","2017",1696
"141","CENTRAL AREA/SQUIRE PARK","2018",1731
"142","CENTRAL AREA/SQUIRE PARK","2019",1623
"143","CENTRAL AREA/SQUIRE PARK","2020",1961
"144","CENTRAL AREA/SQUIRE PARK","2021",1862
"145","CENTRAL AREA/SQUIRE PARK","2022",2129
"146","CENTRAL AREA/SQUIRE PARK","2023",278
"147","CHINATOWN/INTERNATIONAL DISTRICT","2008",1859
"148","CHINATOWN/INTERNATIONAL DISTRICT","2009",1582
"149","CHINATOWN/INTERNATIONAL DISTRICT","2010",1583
"150","CHINATOWN/INTERNATIONAL DISTRICT","2011",1284
"151","CHINATOWN/INTERNATIONAL DISTRICT","2012",1461
"152","CHINATOWN/INTERNATIONAL DISTRICT","2013",1479
"153","CHINATOWN/INTERNATIONAL DISTRICT","2014",1767
"154","CHINATOWN/INTERNATIONAL DISTRICT","2015",1580
"155","CHINATOWN/INTERNATIONAL DISTRICT","2016",2133
"156","CHINATOWN/INTERNATIONAL DISTRICT","2017",2279
"157","CHINATOWN/INTERNATIONAL DISTRICT","2018",2362
"158","CHINATOWN/INTERNATIONAL DISTRICT","2019",2196
"159","CHINATOWN/INTERNATIONAL DISTRICT","2020",1978
"160","CHINATOWN/INTERNATIONAL DISTRICT","2021",2012
"161","CHINATOWN/INTERNATIONAL DISTRICT","2022",2033
"162","CHINATOWN/INTERNATIONAL DISTRICT","2023",208
"163","CLAREMONT/RAINIER VISTA","2008",300
"164","CLAREMONT/RAINIER VISTA","2009",361
"165","CLAREMONT/RAINIER VISTA","2010",368
"166","CLAREMONT/RAINIER VISTA","2011",328
"167","CLAREMONT/RAINIER VISTA","2012",363
"168","CLAREMONT/RAINIER VISTA","2013",395
"169","CLAREMONT/RAINIER VISTA","2014",407
"170","CLAREMONT/RAINIER VISTA","2015",326
"171","CLAREMONT/RAINIER VISTA","2016",360
"172","CLAREMONT/RAINIER VISTA","2017",404
"173","CLAREMONT/RAINIER VISTA","2018",451
"174","CLAREMONT/RAINIER VISTA","2019",357
"175","CLAREMONT/RAINIER VISTA","2020",482
"176","CLAREMONT/RAINIER VISTA","2021",487
"177","CLAREMONT/RAINIER VISTA","2022",554
"178","CLAREMONT/RAINIER VISTA","2023",56
"179","COLUMBIA CITY","2008",459
"180","COLUMBIA CITY","2009",460
"181","COLUMBIA CITY","2010",498
"182","COLUMBIA CITY","2011",469
"183","COLUMBIA CITY","2012",428
"184","COLUMBIA CITY","2013",488
"185","COLUMBIA CITY","2014",498
"186","COLUMBIA CITY","2015",384
"187","COLUMBIA CITY","2016",383
"188","COLUMBIA CITY","2017",416
"189","COLUMBIA CITY","2018",430
"190","COLUMBIA CITY","2019",400
"191","COLUMBIA CITY","2020",476
"192","COLUMBIA CITY","2021",407
"193","COLUMBIA CITY","2022",429
"194","COLUMBIA CITY","2023",70
"195","COMMERCIAL DUWAMISH","2008",37
"196","COMMERCIAL DUWAMISH","2009",35
"197","COMMERCIAL DUWAMISH","2010",42
"198","COMMERCIAL DUWAMISH","2011",40
"199","COMMERCIAL DUWAMISH","2012",42
"200","COMMERCIAL DUWAMISH","2013",41
"201","COMMERCIAL DUWAMISH","2014",33
"202","COMMERCIAL DUWAMISH","2015",24
"203","COMMERCIAL DUWAMISH","2016",40
"204","COMMERCIAL DUWAMISH","2017",61
"205","COMMERCIAL DUWAMISH","2018",71
"206","COMMERCIAL DUWAMISH","2019",37
"207","COMMERCIAL DUWAMISH","2020",41
"208","COMMERCIAL DUWAMISH","2021",79
"209","COMMERCIAL DUWAMISH","2022",78
"210","COMMERCIAL DUWAMISH","2023",7
"211","COMMERCIAL HARBOR ISLAND","2008",21
"212","COMMERCIAL HARBOR ISLAND","2009",16
"213","COMMERCIAL HARBOR ISLAND","2010",13
"214","COMMERCIAL HARBOR ISLAND","2011",23
"215","COMMERCIAL HARBOR ISLAND","2012",18
"216","COMMERCIAL HARBOR ISLAND","2013",13
"217","COMMERCIAL HARBOR ISLAND","2014",15
"218","COMMERCIAL HARBOR ISLAND","2015",22
"219","COMMERCIAL HARBOR ISLAND","2016",22
"220","COMMERCIAL HARBOR ISLAND","2017",38
"221","COMMERCIAL HARBOR ISLAND","2018",36
"222","COMMERCIAL HARBOR ISLAND","2019",36
"223","COMMERCIAL HARBOR ISLAND","2020",33
"224","COMMERCIAL HARBOR ISLAND","2021",27
"225","COMMERCIAL HARBOR ISLAND","2022",42
"226","COMMERCIAL HARBOR ISLAND","2023",4
"227","DOWNTOWN COMMERCIAL","2008",5134
"228","DOWNTOWN COMMERCIAL","2009",5416
"229","DOWNTOWN COMMERCIAL","2010",4888
"230","DOWNTOWN COMMERCIAL","2011",4977
"231","DOWNTOWN COMMERCIAL","2012",5494
"232","DOWNTOWN COMMERCIAL","2013",5887
"233","DOWNTOWN COMMERCIAL","2014",6205
"234","DOWNTOWN COMMERCIAL","2015",6485
"235","DOWNTOWN COMMERCIAL","2016",6294
"236","DOWNTOWN COMMERCIAL","2017",7036
"237","DOWNTOWN COMMERCIAL","2018",6981
"238","DOWNTOWN COMMERCIAL","2019",6143
"239","DOWNTOWN COMMERCIAL","2020",4104
"240","DOWNTOWN COMMERCIAL","2021",4183
"241","DOWNTOWN COMMERCIAL","2022",4650
"242","DOWNTOWN COMMERCIAL","2023",412
"243","EASTLAKE - EAST","2008",66
"244","EASTLAKE - EAST","2009",81
"245","EASTLAKE - EAST","2010",88
"246","EASTLAKE - EAST","2011",119
"247","EASTLAKE - EAST","2012",76
"248","EASTLAKE - EAST","2013",122
"249","EASTLAKE - EAST","2014",118
"250","EASTLAKE - EAST","2015",124
"251","EASTLAKE - EAST","2016",114
"252","EASTLAKE - EAST","2017",121
"253","EASTLAKE - EAST","2018",87
"254","EASTLAKE - EAST","2019",104
"255","EASTLAKE - EAST","2020",101
"256","EASTLAKE - EAST","2021",127
"257","EASTLAKE - EAST","2022",138
"258","EASTLAKE - EAST","2023",16
"259","EASTLAKE - WEST","2008",391
"260","EASTLAKE - WEST","2009",429
"261","EASTLAKE - WEST","2010",374
"262","EASTLAKE - WEST","2011",408
"263","EASTLAKE - WEST","2012",380
"264","EASTLAKE - WEST","2013",484
"265","EASTLAKE - WEST","2014",435
"266","EASTLAKE - WEST","2015",340
"267","EASTLAKE - WEST","2016",445
"268","EASTLAKE - WEST","2017",428
"269","EASTLAKE - WEST","2018",360
"270","EASTLAKE - WEST","2019",422
"271","EASTLAKE - WEST","2020",577
"272","EASTLAKE - WEST","2021",528
"273","EASTLAKE - WEST","2022",566
"274","EASTLAKE - WEST","2023",80
"275","FAUNTLEROY SW","2008",234
"276","FAUNTLEROY SW","2009",276
"277","FAUNTLEROY SW","2010",311
"278","FAUNTLEROY SW","2011",261
"279","FAUNTLEROY SW","2012",276
"280","FAUNTLEROY SW","2013",317
"281","FAUNTLEROY SW","2014",319
"282","FAUNTLEROY SW","2015",271
"283","FAUNTLEROY SW","2016",284
"284","FAUNTLEROY SW","2017",297
"285","FAUNTLEROY SW","2018",330
"286","FAUNTLEROY SW","2019",310
"287","FAUNTLEROY SW","2020",376
"288","FAUNTLEROY SW","2021",247
"289","FAUNTLEROY SW","2022",211
"290","FAUNTLEROY SW","2023",29
"291","FIRST HILL","2008",1900
"292","FIRST HILL","2009",1949
"293","FIRST HILL","2010",1878
"294","FIRST HILL","2011",1602
"295","FIRST HILL","2012",1696
"296","FIRST HILL","2013",1783
"297","FIRST HILL","2014",2291
"298","FIRST HILL","2015",2020
"299","FIRST HILL","2016",1745
"300","FIRST HILL","2017",2042
"301","FIRST HILL","2018",2215
"302","FIRST HILL","2019",2575
"303","FIRST HILL","2020",2500
"304","FIRST HILL","2021",2470
"305","FIRST HILL","2022",2371
"306","FIRST HILL","2023",290
"307","FREMONT","2008",1266
"308","FREMONT","2009",1230
"309","FREMONT","2010",1315
"310","FREMONT","2011",1044
"311","FREMONT","2012",1114
"312","FREMONT","2013",1165
"313","FREMONT","2014",1151
"314","FREMONT","2015",1078
"315","FREMONT","2016",1203
"316","FREMONT","2017",1207
"317","FREMONT","2018",1674
"318","FREMONT","2019",1331
"319","FREMONT","2020",1572
"320","FREMONT","2021",1298
"321","FREMONT","2022",1453
"322","FREMONT","2023",149
"323","GENESEE","2008",191
"324","GENESEE","2009",234
"325","GENESEE","2010",231
"326","GENESEE","2011",195
"327","GENESEE","2012",217
"328","GENESEE","2013",203
"329","GENESEE","2014",260
"330","GENESEE","2015",229
"331","GENESEE","2016",177
"332","GENESEE","2017",143
"333","GENESEE","2018",168
"334","GENESEE","2019",140
"335","GENESEE","2020",232
"336","GENESEE","2021",250
"337","GENESEE","2022",278
"338","GENESEE","2023",24
"339","GEORGETOWN","2008",772
"340","GEORGETOWN","2009",609
"341","GEORGETOWN","2010",661
"342","GEORGETOWN","2011",679
"343","GEORGETOWN","2012",747
"344","GEORGETOWN","2013",715
"345","GEORGETOWN","2014",779
"346","GEORGETOWN","2015",711
"347","GEORGETOWN","2016",790
"348","GEORGETOWN","2017",999
"349","GEORGETOWN","2018",1070
"350","GEORGETOWN","2019",1043
"351","GEORGETOWN","2020",1189
"352","GEORGETOWN","2021",1288
"353","GEORGETOWN","2022",1193
"354","GEORGETOWN","2023",124
"355","GREENWOOD","2008",1351
"356","GREENWOOD","2009",1354
"357","GREENWOOD","2010",1453
"358","GREENWOOD","2011",1286
"359","GREENWOOD","2012",1224
"360","GREENWOOD","2013",1441
"361","GREENWOOD","2014",1643
"362","GREENWOOD","2015",1662
"363","GREENWOOD","2016",1647
"364","GREENWOOD","2017",1630
"365","GREENWOOD","2018",1617
"366","GREENWOOD","2019",1626
"367","GREENWOOD","2020",1879
"368","GREENWOOD","2021",1158
"369","GREENWOOD","2022",1342
"370","GREENWOOD","2023",215
"371","HIGH POINT","2008",458
"372","HIGH POINT","2009",608
"373","HIGH POINT","2010",546
"374","HIGH POINT","2011",588
"375","HIGH POINT","2012",548
"376","HIGH POINT","2013",501
"377","HIGH POINT","2014",433
"378","HIGH POINT","2015",542
"379","HIGH POINT","2016",615
"380","HIGH POINT","2017",638
"381","HIGH POINT","2018",591
"382","HIGH POINT","2019",568
"383","HIGH POINT","2020",661
"384","HIGH POINT","2021",662
"385","HIGH POINT","2022",606
"386","HIGH POINT","2023",48
"387","HIGHLAND PARK","2008",727
"388","HIGHLAND PARK","2009",729
"389","HIGHLAND PARK","2010",710
"390","HIGHLAND PARK","2011",785
"391","HIGHLAND PARK","2012",775
"392","HIGHLAND PARK","2013",811
"393","HIGHLAND PARK","2014",776
"394","HIGHLAND PARK","2015",684
"395","HIGHLAND PARK","2016",848
"396","HIGHLAND PARK","2017",772
"397","HIGHLAND PARK","2018",878
"398","HIGHLAND PARK","2019",820
"399","HIGHLAND PARK","2020",818
"400","HIGHLAND PARK","2021",762
"401","HIGHLAND PARK","2022",833
"402","HIGHLAND PARK","2023",85
"403","HILLMAN CITY","2008",487
"404","HILLMAN CITY","2009",403
"405","HILLMAN CITY","2010",401
"406","HILLMAN CITY","2011",376
"407","HILLMAN CITY","2012",290
"408","HILLMAN CITY","2013",328
"409","HILLMAN CITY","2014",396
"410","HILLMAN CITY","2015",402
"411","HILLMAN CITY","2016",279
"412","HILLMAN CITY","2017",299
"413","HILLMAN CITY","2018",277
"414","HILLMAN CITY","2019",243
"415","HILLMAN CITY","2020",334
"416","HILLMAN CITY","2021",271
"417","HILLMAN CITY","2022",282
"418","HILLMAN CITY","2023",43
"419","JUDKINS PARK/NORTH BEACON HILL","2008",540
"420","JUDKINS PARK/NORTH BEACON HILL","2009",421
"421","JUDKINS PARK/NORTH BEACON HILL","2010",398
"422","JUDKINS PARK/NORTH BEACON HILL","2011",402
"423","JUDKINS PARK/NORTH BEACON HILL","2012",368
"424","JUDKINS PARK/NORTH BEACON HILL","2013",488
"425","JUDKINS PARK/NORTH BEACON HILL","2014",634
"426","JUDKINS PARK/NORTH BEACON HILL","2015",638
"427","JUDKINS PARK/NORTH BEACON HILL","2016",584
"428","JUDKINS PARK/NORTH BEACON HILL","2017",670
"429","JUDKINS PARK/NORTH BEACON HILL","2018",729
"430","JUDKINS PARK/NORTH BEACON HILL","2019",638
"431","JUDKINS PARK/NORTH BEACON HILL","2020",820
"432","JUDKINS PARK/NORTH BEACON HILL","2021",845
"433","JUDKINS PARK/NORTH BEACON HILL","2022",906
"434","JUDKINS PARK/NORTH BEACON HILL","2023",113
"435","LAKECITY","2008",1819
"436","LAKECITY","2009",1744
"437","LAKECITY","2010",1713
"438","LAKECITY","2011",1804
"439","LAKECITY","2012",1835
"440","LAKECITY","2013",1866
"441","LAKECITY","2014",1922
"442","LAKECITY","2015",1848
"443","LAKECITY","2016",1877
"444","LAKECITY","2017",1965
"445","LAKECITY","2018",2032
"446","LAKECITY","2019",1898
"447","LAKECITY","2020",2039
"448","LAKECITY","2021",2108
"449","LAKECITY","2022",2004
"450","LAKECITY","2023",211
"451","LAKEWOOD/SEWARD PARK","2008",446
"452","LAKEWOOD/SEWARD PARK","2009",381
"453","LAKEWOOD/SEWARD PARK","2010",341
"454","LAKEWOOD/SEWARD PARK","2011",439
"455","LAKEWOOD/SEWARD PARK","2012",355
"456","LAKEWOOD/SEWARD PARK","2013",416
"457","LAKEWOOD/SEWARD PARK","2014",463
"458","LAKEWOOD/SEWARD PARK","2015",413
"459","LAKEWOOD/SEWARD PARK","2016",395
"460","LAKEWOOD/SEWARD PARK","2017",361
"461","LAKEWOOD/SEWARD PARK","2018",315
"462","LAKEWOOD/SEWARD PARK","2019",261
"463","LAKEWOOD/SEWARD PARK","2020",374
"464","LAKEWOOD/SEWARD PARK","2021",338
"465","LAKEWOOD/SEWARD PARK","2022",244
"466","LAKEWOOD/SEWARD PARK","2023",34
"467","MADISON PARK","2008",191
"468","MADISON PARK","2009",211
"469","MADISON PARK","2010",198
"470","MADISON PARK","2011",222
"471","MADISON PARK","2012",198
"472","MADISON PARK","2013",216
"473","MADISON PARK","2014",250
"474","MADISON PARK","2015",251
"475","MADISON PARK","2016",308
"476","MADISON PARK","2017",204
"477","MADISON PARK","2018",203
"478","MADISON PARK","2019",192
"479","MADISON PARK","2020",330
"480","MADISON PARK","2021",229
"481","MADISON PARK","2022",234
"482","MADISON PARK","2023",35
"483","MADRONA/LESCHI","2008",1051
"484","MADRONA/LESCHI","2009",857
"485","MADRONA/LESCHI","2010",869
"486","MADRONA/LESCHI","2011",834
"487","MADRONA/LESCHI","2012",766
"488","MADRONA/LESCHI","2013",776
"489","MADRONA/LESCHI","2014",1050
"490","MADRONA/LESCHI","2015",912
"491","MADRONA/LESCHI","2016",857
"492","MADRONA/LESCHI","2017",805
"493","MADRONA/LESCHI","2018",860
"494","MADRONA/LESCHI","2019",728
"495","MADRONA/LESCHI","2020",926
"496","MADRONA/LESCHI","2021",842
"497","MADRONA/LESCHI","2022",892
"498","MADRONA/LESCHI","2023",136
"499","MAGNOLIA","2008",834
"500","MAGNOLIA","2009",937
"501","MAGNOLIA","2010",909
"502","MAGNOLIA","2011",798
"503","MAGNOLIA","2012",876
"504","MAGNOLIA","2013",898
"505","MAGNOLIA","2014",1114
"506","MAGNOLIA","2015",1204
"507","MAGNOLIA","2016",1163
"508","MAGNOLIA","2017",1077
"509","MAGNOLIA","2018",1150
"510","MAGNOLIA","2019",1135
"511","MAGNOLIA","2020",1575
"512","MAGNOLIA","2021",1331
"513","MAGNOLIA","2022",1109
"514","MAGNOLIA","2023",95
"515","MID BEACON HILL","2008",1002
"516","MID BEACON HILL","2009",899
"517","MID BEACON HILL","2010",891
"518","MID BEACON HILL","2011",769
"519","MID BEACON HILL","2012",751
"520","MID BEACON HILL","2013",836
"521","MID BEACON HILL","2014",809
"522","MID BEACON HILL","2015",591
"523","MID BEACON HILL","2016",685
"524","MID BEACON HILL","2017",636
"525","MID BEACON HILL","2018",732
"526","MID BEACON HILL","2019",612
"527","MID BEACON HILL","2020",678
"528","MID BEACON HILL","2021",601
"529","MID BEACON HILL","2022",675
"530","MID BEACON HILL","2023",96
"531","MILLER PARK","2008",434
"532","MILLER PARK","2009",393
"533","MILLER PARK","2010",420
"534","MILLER PARK","2011",350
"535","MILLER PARK","2012",322
"536","MILLER PARK","2013",401
"537","MILLER PARK","2014",501
"538","MILLER PARK","2015",456
"539","MILLER PARK","2016",472
"540","MILLER PARK","2017",513
"541","MILLER PARK","2018",425
"542","MILLER PARK","2019",435
"543","MILLER PARK","2020",638
"544","MILLER PARK","2021",512
"545","MILLER PARK","2022",527
"546","MILLER PARK","2023",54
"547","MONTLAKE/PORTAGE BAY","2008",349
"548","MONTLAKE/PORTAGE BAY","2009",363
"549","MONTLAKE/PORTAGE BAY","2010",429
"550","MONTLAKE/PORTAGE BAY","2011",384
"551","MONTLAKE/PORTAGE BAY","2012",299
"552","MONTLAKE/PORTAGE BAY","2013",489
"553","MONTLAKE/PORTAGE BAY","2014",584
"554","MONTLAKE/PORTAGE BAY","2015",473
"555","MONTLAKE/PORTAGE BAY","2016",551
"556","MONTLAKE/PORTAGE BAY","2017",418
"557","MONTLAKE/PORTAGE BAY","2018",430
"558","MONTLAKE/PORTAGE BAY","2019",395
"559","MONTLAKE/PORTAGE BAY","2020",605
"560","MONTLAKE/PORTAGE BAY","2021",573
"561","MONTLAKE/PORTAGE BAY","2022",456
"562","MONTLAKE/PORTAGE BAY","2023",41
"563","MORGAN","2008",502
"564","MORGAN","2009",616
"565","MORGAN","2010",627
"566","MORGAN","2011",571
"567","MORGAN","2012",567
"568","MORGAN","2013",567
"569","MORGAN","2014",430
"570","MORGAN","2015",543
"571","MORGAN","2016",681
"572","MORGAN","2017",605
"573","MORGAN","2018",661
"574","MORGAN","2019",585
"575","MORGAN","2020",826
"576","MORGAN","2021",631
"577","MORGAN","2022",618
"578","MORGAN","2023",88
"579","MOUNT BAKER","2008",865
"580","MOUNT BAKER","2009",829
"581","MOUNT BAKER","2010",949
"582","MOUNT BAKER","2011",768
"583","MOUNT BAKER","2012",759
"584","MOUNT BAKER","2013",821
"585","MOUNT BAKER","2014",1029
"586","MOUNT BAKER","2015",867
"587","MOUNT BAKER","2016",937
"588","MOUNT BAKER","2017",819
"589","MOUNT BAKER","2018",1107
"590","MOUNT BAKER","2019",935
"591","MOUNT BAKER","2020",1176
"592","MOUNT BAKER","2021",1270
"593","MOUNT BAKER","2022",1250
"594","MOUNT BAKER","2023",148
"595","NEW HOLLY","2008",491
"596","NEW HOLLY","2009",493
"597","NEW HOLLY","2010",454
"598","NEW HOLLY","2011",431
"599","NEW HOLLY","2012",457
"600","NEW HOLLY","2013",476
"601","NEW HOLLY","2014",465
"602","NEW HOLLY","2015",402
"603","NEW HOLLY","2016",357
"604","NEW HOLLY","2017",377
"605","NEW HOLLY","2018",355
"606","NEW HOLLY","2019",362
"607","NEW HOLLY","2020",354
"608","NEW HOLLY","2021",342
"609","NEW HOLLY","2022",494
"610","NEW HOLLY","2023",55
"611","NORTH ADMIRAL","2008",673
"612","NORTH ADMIRAL","2009",715
"613","NORTH ADMIRAL","2010",709
"614","NORTH ADMIRAL","2011",629
"615","NORTH ADMIRAL","2012",594
"616","NORTH ADMIRAL","2013",598
"617","NORTH ADMIRAL","2014",593
"618","NORTH ADMIRAL","2015",546
"619","NORTH ADMIRAL","2016",669
"620","NORTH ADMIRAL","2017",708
"621","NORTH ADMIRAL","2018",709
"622","NORTH ADMIRAL","2019",625
"623","NORTH ADMIRAL","2020",822
"624","NORTH ADMIRAL","2021",574
"625","NORTH ADMIRAL","2022",776
"626","NORTH ADMIRAL","2023",93
"627","NORTH BEACON HILL","2008",1379
"628","NORTH BEACON HILL","2009",1414
"629","NORTH BEACON HILL","2010",1198
"630","NORTH BEACON HILL","2011",1186
"631","NORTH BEACON HILL","2012",1046
"632","NORTH BEACON HILL","2013",1184
"633","NORTH BEACON HILL","2014",1170
"634","NORTH BEACON HILL","2015",1009
"635","NORTH BEACON HILL","2016",1086
"636","NORTH BEACON HILL","2017",969
"637","NORTH BEACON HILL","2018",1197
"638","NORTH BEACON HILL","2019",1234
"639","NORTH BEACON HILL","2020",1327
"640","NORTH BEACON HILL","2021",1321
"641","NORTH BEACON HILL","2022",1480
"642","NORTH BEACON HILL","2023",175
"643","NORTH DELRIDGE","2008",555
"644","NORTH DELRIDGE","2009",484
"645","NORTH DELRIDGE","2010",507
"646","NORTH DELRIDGE","2011",535
"647","NORTH DELRIDGE","2012",509
"648","NORTH DELRIDGE","2013",479
"649","NORTH DELRIDGE","2014",407
"650","NORTH DELRIDGE","2015",437
"651","NORTH DELRIDGE","2016",591
"652","NORTH DELRIDGE","2017",545
"653","NORTH DELRIDGE","2018",522
"654","NORTH DELRIDGE","2019",517
"655","NORTH DELRIDGE","2020",557
"656","NORTH DELRIDGE","2021",620
"657","NORTH DELRIDGE","2022",641
"658","NORTH DELRIDGE","2023",58
"659","NORTHGATE","2008",3134
"660","NORTHGATE","2009",3304
"661","NORTHGATE","2010",3329
"662","NORTHGATE","2011",3377
"663","NORTHGATE","2012",3149
"664","NORTHGATE","2013",3625
"665","NORTHGATE","2014",4068
"666","NORTHGATE","2015",4392
"667","NORTHGATE","2016",4391
"668","NORTHGATE","2017",4745
"669","NORTHGATE","2018",4473
"670","NORTHGATE","2019",3957
"671","NORTHGATE","2020",3998
"672","NORTHGATE","2021",4253
"673","NORTHGATE","2022",4084
"674","NORTHGATE","2023",482
"675","PHINNEY RIDGE","2008",510
"676","PHINNEY RIDGE","2009",576
"677","PHINNEY RIDGE","2010",574
"678","PHINNEY RIDGE","2011",489
"679","PHINNEY RIDGE","2012",531
"680","PHINNEY RIDGE","2013",525
"681","PHINNEY RIDGE","2014",581
"682","PHINNEY RIDGE","2015",510
"683","PHINNEY RIDGE","2016",588
"684","PHINNEY RIDGE","2017",615
"685","PHINNEY RIDGE","2018",594
"686","PHINNEY RIDGE","2019",514
"687","PHINNEY RIDGE","2020",825
"688","PHINNEY RIDGE","2021",621
"689","PHINNEY RIDGE","2022",480
"690","PHINNEY RIDGE","2023",54
"691","PIGEON POINT","2008",97
"692","PIGEON POINT","2009",94
"693","PIGEON POINT","2010",102
"694","PIGEON POINT","2011",82
"695","PIGEON POINT","2012",93
"696","PIGEON POINT","2013",88
"697","PIGEON POINT","2014",62
"698","PIGEON POINT","2015",51
"699","PIGEON POINT","2016",64
"700","PIGEON POINT","2017",68
"701","PIGEON POINT","2018",84
"702","PIGEON POINT","2019",83
"703","PIGEON POINT","2020",86
"704","PIGEON POINT","2021",89
"705","PIGEON POINT","2022",136
"706","PIGEON POINT","2023",8
"707","PIONEER SQUARE","2008",1480
"708","PIONEER SQUARE","2009",1462
"709","PIONEER SQUARE","2010",1051
"710","PIONEER SQUARE","2011",991
"711","PIONEER SQUARE","2012",955
"712","PIONEER SQUARE","2013",1036
"713","PIONEER SQUARE","2014",1234
"714","PIONEER SQUARE","2015",1296
"715","PIONEER SQUARE","2016",1152
"716","PIONEER SQUARE","2017",1110
"717","PIONEER SQUARE","2018",1331
"718","PIONEER SQUARE","2019",1395
"719","PIONEER SQUARE","2020",1006
"720","PIONEER SQUARE","2021",892
"721","PIONEER SQUARE","2022",987
"722","PIONEER SQUARE","2023",99
"723","QUEEN ANNE","2008",3369
"724","QUEEN ANNE","2009",3274
"725","QUEEN ANNE","2010",2926
"726","QUEEN ANNE","2011",2777
"727","QUEEN ANNE","2012",2792
"728","QUEEN ANNE","2013",3313
"729","QUEEN ANNE","2014",3291
"730","QUEEN ANNE","2015",3391
"731","QUEEN ANNE","2016",3330
"732","QUEEN ANNE","2017",3540
"733","QUEEN ANNE","2018",3722
"734","QUEEN ANNE","2019",3798
"735","QUEEN ANNE","2020",4463
"736","QUEEN ANNE","2021",3779
"737","QUEEN ANNE","2022",4451
"738","QUEEN ANNE","2023",450
"739","RAINIER BEACH","2008",933
"740","RAINIER BEACH","2009",885
"741","RAINIER BEACH","2010",933
"742","RAINIER BEACH","2011",700
"743","RAINIER BEACH","2012",766
"744","RAINIER BEACH","2013",730
"745","RAINIER BEACH","2014",847
"746","RAINIER BEACH","2015",703
"747","RAINIER BEACH","2016",778
"748","RAINIER BEACH","2017",644
"749","RAINIER BEACH","2018",819
"750","RAINIER BEACH","2019",639
"751","RAINIER BEACH","2020",525
"752","RAINIER BEACH","2021",550
"753","RAINIER BEACH","2022",675
"754","RAINIER BEACH","2023",97
"755","RAINIER VIEW","2008",816
"756","RAINIER VIEW","2009",865
"757","RAINIER VIEW","2010",818
"758","RAINIER VIEW","2011",690
"759","RAINIER VIEW","2012",709
"760","RAINIER VIEW","2013",689
"761","RAINIER VIEW","2014",645
"762","RAINIER VIEW","2015",674
"763","RAINIER VIEW","2016",655
"764","RAINIER VIEW","2017",655
"765","RAINIER VIEW","2018",688
"766","RAINIER VIEW","2019",482
"767","RAINIER VIEW","2020",578
"768","RAINIER VIEW","2021",499
"769","RAINIER VIEW","2022",419
"770","RAINIER VIEW","2023",60
"771","ROOSEVELT/RAVENNA","2008",1878
"772","ROOSEVELT/RAVENNA","2009",2329
"773","ROOSEVELT/RAVENNA","2010",2137
"774","ROOSEVELT/RAVENNA","2011",2112
"775","ROOSEVELT/RAVENNA","2012",1929
"776","ROOSEVELT/RAVENNA","2013",1997
"777","ROOSEVELT/RAVENNA","2014",2430
"778","ROOSEVELT/RAVENNA","2015",2245
"779","ROOSEVELT/RAVENNA","2016",2539
"780","ROOSEVELT/RAVENNA","2017",2641
"781","ROOSEVELT/RAVENNA","2018",2633
"782","ROOSEVELT/RAVENNA","2019",2653
"783","ROOSEVELT/RAVENNA","2020",3175
"784","ROOSEVELT/RAVENNA","2021",3012
"785","ROOSEVELT/RAVENNA","2022",3000
"786","ROOSEVELT/RAVENNA","2023",347
"787","ROXHILL/WESTWOOD/ARBOR HEIGHTS","2008",825
"788","ROXHILL/WESTWOOD/ARBOR HEIGHTS","2009",938
"789","ROXHILL/WESTWOOD/ARBOR HEIGHTS","2010",884
"790","ROXHILL/WESTWOOD/ARBOR HEIGHTS","2011",916
"791","ROXHILL/WESTWOOD/ARBOR HEIGHTS","2012",961
"792","ROXHILL/WESTWOOD/ARBOR HEIGHTS","2013",1211
"793","ROXHILL/WESTWOOD/ARBOR HEIGHTS","2014",1070
"794","ROXHILL/WESTWOOD/ARBOR HEIGHTS","2015",1152
"795","ROXHILL/WESTWOOD/ARBOR HEIGHTS","2016",1176
"796","ROXHILL/WESTWOOD/ARBOR HEIGHTS","2017",1167
"797","ROXHILL/WESTWOOD/ARBOR HEIGHTS","2018",1136
"798","ROXHILL/WESTWOOD/ARBOR HEIGHTS","2019",1114
"799","ROXHILL/WESTWOOD/ARBOR HEIGHTS","2020",1085
"800","ROXHILL/WESTWOOD/ARBOR HEIGHTS","2021",1076
"801","ROXHILL/WESTWOOD/ARBOR HEIGHTS","2022",1165
"802","ROXHILL/WESTWOOD/ARBOR HEIGHTS","2023",144
"803","SANDPOINT","2008",1182
"804","SANDPOINT","2009",1331
"805","SANDPOINT","2010",1370
"806","SANDPOINT","2011",1121
"807","SANDPOINT","2012",1100
"808","SANDPOINT","2013",1356
"809","SANDPOINT","2014",1520
"810","SANDPOINT","2015",1424
"811","SANDPOINT","2016",1682
"812","SANDPOINT","2017",1541
"813","SANDPOINT","2018",1385
"814","SANDPOINT","2019",1452
"815","SANDPOINT","2020",2267
"816","SANDPOINT","2021",1668
"817","SANDPOINT","2022",1519
"818","SANDPOINT","2023",209
"819","SLU/CASCADE","2008",3076
"820","SLU/CASCADE","2009",3405
"821","SLU/CASCADE","2010",3127
"822","SLU/CASCADE","2011",2542
"823","SLU/CASCADE","2012",2529
"824","SLU/CASCADE","2013",2488
"825","SLU/CASCADE","2014",2848
"826","SLU/CASCADE","2015",2853
"827","SLU/CASCADE","2016",3110
"828","SLU/CASCADE","2017",3130
"829","SLU/CASCADE","2018",3234
"830","SLU/CASCADE","2019",3013
"831","SLU/CASCADE","2020",3305
"832","SLU/CASCADE","2021",3351
"833","SLU/CASCADE","2022",3397
"834","SLU/CASCADE","2023",336
"835","SODO","2008",983
"836","SODO","2009",947
"837","SODO","2010",1079
"838","SODO","2011",955
"839","SODO","2012",858
"840","SODO","2013",891
"841","SODO","2014",1043
"842","SODO","2015",1120
"843","SODO","2016",1124
"844","SODO","2017",1297
"845","SODO","2018",1704
"846","SODO","2019",1590
"847","SODO","2020",1044
"848","SODO","2021",1232
"849","SODO","2022",1599
"850","SODO","2023",153
"851","SOUTH BEACON HILL","2008",373
"852","SOUTH BEACON HILL","2009",414
"853","SOUTH BEACON HILL","2010",343
"854","SOUTH BEACON HILL","2011",351
"855","SOUTH BEACON HILL","2012",338
"856","SOUTH BEACON HILL","2013",255
"857","SOUTH BEACON HILL","2014",334
"858","SOUTH BEACON HILL","2015",261
"859","SOUTH BEACON HILL","2016",283
"860","SOUTH BEACON HILL","2017",250
"861","SOUTH BEACON HILL","2018",300
"862","SOUTH BEACON HILL","2019",267
"863","SOUTH BEACON HILL","2020",307
"864","SOUTH BEACON HILL","2021",219
"865","SOUTH BEACON HILL","2022",262
"866","SOUTH BEACON HILL","2023",26
"867","SOUTH DELRIDGE","2008",221
"868","SOUTH DELRIDGE","2009",207
"869","SOUTH DELRIDGE","2010",222
"870","SOUTH DELRIDGE","2011",227
"871","SOUTH DELRIDGE","2012",229
"872","SOUTH DELRIDGE","2013",248
"873","SOUTH DELRIDGE","2014",307
"874","SOUTH DELRIDGE","2015",279
"875","SOUTH DELRIDGE","2016",344
"876","SOUTH DELRIDGE","2017",333
"877","SOUTH DELRIDGE","2018",357
"878","SOUTH DELRIDGE","2019",314
"879","SOUTH DELRIDGE","2020",255
"880","SOUTH DELRIDGE","2021",289
"881","SOUTH DELRIDGE","2022",371
"882","SOUTH DELRIDGE","2023",19
"883","SOUTH PARK","2008",670
"884","SOUTH PARK","2009",605
"885","SOUTH PARK","2010",511
"886","SOUTH PARK","2011",511
"887","SOUTH PARK","2012",615
"888","SOUTH PARK","2013",481
"889","SOUTH PARK","2014",653
"890","SOUTH PARK","2015",554
"891","SOUTH PARK","2016",604
"892","SOUTH PARK","2017",556
"893","SOUTH PARK","2018",683
"894","SOUTH PARK","2019",659
"895","SOUTH PARK","2020",516
"896","SOUTH PARK","2021",535
"897","SOUTH PARK","2022",540
"898","SOUTH PARK","2023",55
"899","UNIVERSITY","2008",2383
"900","UNIVERSITY","2009",2228
"901","UNIVERSITY","2010",2242
"902","UNIVERSITY","2011",2416
"903","UNIVERSITY","2012",2368
"904","UNIVERSITY","2013",2360
"905","UNIVERSITY","2014",2648
"906","UNIVERSITY","2015",2922
"907","UNIVERSITY","2016",2881
"908","UNIVERSITY","2017",2974
"909","UNIVERSITY","2018",2914
"910","UNIVERSITY","2019",3008
"911","UNIVERSITY","2020",3137
"912","UNIVERSITY","2021",2990
"913","UNIVERSITY","2022",3152
"914","UNIVERSITY","2023",404
"915","UNKNOWN","2008",527
"916","UNKNOWN","2009",383
"917","UNKNOWN","2010",424
"918","UNKNOWN","2011",419
"919","UNKNOWN","2012",344
"920","UNKNOWN","2013",427
"921","UNKNOWN","2014",301
"922","UNKNOWN","2015",341
"923","UNKNOWN","2016",403
"924","UNKNOWN","2017",658
"925","UNKNOWN","2018",688
"926","UNKNOWN","2019",493
"927","UNKNOWN","2020",1132
"928","UNKNOWN","2021",857
"929","UNKNOWN","2022",1320
"930","UNKNOWN","2023",53
"931","WALLINGFORD","2008",1133
"932","WALLINGFORD","2009",1209
"933","WALLINGFORD","2010",1157
"934","WALLINGFORD","2011",1041
"935","WALLINGFORD","2012",1073
"936","WALLINGFORD","2013",1164
"937","WALLINGFORD","2014",1206
"938","WALLINGFORD","2015",1157
"939","WALLINGFORD","2016",1434
"940","WALLINGFORD","2017",1280
"941","WALLINGFORD","2018",1328
"942","WALLINGFORD","2019",1115
"943","WALLINGFORD","2020",1550
"944","WALLINGFORD","2021",1503
"945","WALLINGFORD","2022",1590
"946","WALLINGFORD","2023",158
